種類,毛色,性別,生年月日,血統書団体名,仕切書No,体重,毛質,耳,ペコ,目,鼻,噛み合わせ,門歯歯列,デベソ,ヘルニア,狼爪,尾,パテラ左,パテラ右,胸,心雑,その他
ミニチュアピンシャー,ブラック＆タン,オス,2026/08/01,JKC,1013--1,,,,,,,,,,,,,,,,,母：DMクリア
ミニチュアピンシャー,ブラック＆タン,オス,2026/08/01,JKC,1013--2,,,,,,,,,,,,,,,,,母：DMクリア
ミニチュアピンシャー,ブラック＆タン,メス,2026/08/01,JKC,1013--3,,,,,,,,,,,,,,,,,母：DMクリア
MIX(PO×ML),パーティ,オス,2026/07/31,,1013--4,,,,,,,,,,,,,,,,,
MIX(PO×ML),パーティ,オス,2026/07/31,,1013--5,,,,,,,,,,,,,,,,,
MIX(PO×ML),オレンジ,メス,2026/07/31,,1013--6,,,,,,,,,,,,,,,,,
MIX(PO×PT),クリーム,オス,2026/07/30,,1015--1,,,,,,,,,,,,,,,,,父：HUUクリア
MIX(チワワ（L）×PO),チョコレート,メス,2026/07/30,,1015--2,,,,,,,,,,,,,,,,,父：PRA、CLクリア
MIX(PO×DHM),クリーム,オス,2026/07/29,,1015--3,,,,,,,,,,,,,,,,,父：DM、PRA、HUUクリア
MIX(PO×DHM),クリーム,オス,2026/07/29,,1015--4,,,,,,,,,,,,,,,,,父：DM、PRA、HUUクリア
スコティッシュフォールド,ブラウンパッチドタビー＆ホワイト,メス,2026/08/01,JCC,1059--1,745,,折れ耳　汚れ有,,,,,,,,,,,,,,
シーズー,ブラック＆ホワイト,オス,2026/07/30,JKC,1063--1,575,,,小,斜視小,,,,,,,,,,,,
シーズー,ブラック＆ホワイト,オス,2026/07/30,JKC,1063--2,880,,,小,斜視小,,,,,,,,,,,,
MIX(ML×PO),クリーム,オス,2026/07/25,,1134--1,,,,,,,,,,,,,,,,,父：グリコーゲン蓄積症クリア
MIX(ML×PO),クリーム,オス,2026/07/25,,1134--2,,,,,,,,,,,,,,,,,父：グリコーゲン蓄積症クリア
MIX(ML×PO),クリーム,メス,2026/07/25,,1134--3,,,,,,,,,,,,,,,,,父：グリコーゲン蓄積症クリア
MIX(ML×PO),クリーム,メス,2026/07/25,,1134--4,,,,,,,,,,,,,,,,,父：グリコーゲン蓄積症クリア
MIX(ML×PO),クリーム,メス,2026/07/25,,1134--5,,,,,,,,,,,,,,,,,父：グリコーゲン蓄積症クリア
MIX(ML×PO),クリーム,メス,2026/07/25,,1134--6,,,,,,,,,,,,,,,,,父：グリコーゲン蓄積症クリア
MIX(SZ×ML),ホワイト＆ゴールド,オス,2026/08/01,,1134--7,,,,,,,,,,,,,,,,,
MIX(SZ×ML),ホワイト＆ゴールド,オス,2026/08/01,,1134--8,,,,,,,,,,,,,,,,,
MIX(SZ×ML),ホワイト＆ゴールド,オス,2026/08/01,,1134--9,,,,,,,,,,,,,,,,,
MIX(SZ×ML),ホワイト＆ゴールド,メス,2026/08/01,,1134--10,,,,,,,,,,,,,,,,,
ポメラニアン,クリームセーブル,オス,2026/08/02,JKC,1180--1,1320,,,,,,,,,,,,,,,,
ポメラニアン,ブラック＆ホワイト,メス,2026/08/02,JKC,1180--2,655,,,,,,,,,,,,,,,,
ポメラニアン,ブラック＆ホワイト,オス,2026/08/01,JKC,1180--3,880,,,,斜視小,,,,,,,,,,,,
ポメラニアン,ブラック＆ホワイト,オス,2026/08/01,JKC,1180--4,1190,,,,斜視小,,,,,,,,,,,,
ポメラニアン,ブラック＆ホワイト,オス,2026/08/01,JKC,1180--5,1520,,,,斜視小　両目若干白濁,,,,,,,,,,,,
ポメラニアン,クリーム,メス,2026/08/01,JKC,1180--6,1440,,,,斜視小,鼻少し薄い,,,,,,,,,,Lv.Ⅰ,
MIX(CI×SZ),,オス,2026/08/02,,1180--7,950,,汚れあり,小,斜視小,,アンダー1mm,,,,,,,,,,
MIX(CI×SZ),,メス,2026/08/02,,1180--8,720,,,小,斜視小,,アンダー1mm,,小,,,,,,,,
トイプードル,オレンジフォーン,メス,2026/08/01,JKC,1180--9,935,,,,,,,,,小,,断尾なし,,,,,
トイプードル,オレンジフォーン,メス,2026/08/01,JKC,1180--10,1060,,,,斜視小,,,,,,,断尾なし,,,,,
チワワ,フォーン,メス,2026/08/01,JKC,1198--1,860,ロング,,小,斜視小,,,,,小,,,,,,,9/12 6種ワクチン済
チワワ,クリーム,メス,2026/08/01,JKC,1198--2,910,ロング,,,斜視小,,,上4本,,,,,,,,,背中にしこりあり / 9/19 6種ワクチン済
チワワ,クリーム,メス,2026/08/01,JKC,1198--3,1145,ロング,,,,,,,,小,,,,,,,9/19 6種ワクチン済
ポメラニアン,クリーム,オス,2026/08/01,JKC,3008--1,,,,,,,,,,,,,,,,,父：高尿酸尿症クリア
ポメラニアン,ホワイト,メス,2026/08/01,JKC,3008--2,,,,,,,,,,,,,,,,,父：高尿酸尿症クリア
ミニチュアダックスフンド,チョコレート＆ダップル,メス,2026/07/27,JKC,3008--3,,ロング,,,,,,,,,,,,,,,父：骨異形成症、PRAクリア
MIX(PT×キャバリア),レッド,オス,2026/08/01,,1144--1,,,,,,,,,,,,,,,,,
MIX(PT×キャバリア),レッド,メス,2026/08/01,,1144--2,,,,,,,,,,,,,,,,,
MIX(PT×キャバリア),レッド,メス,2026/08/01,,1144--3,,,,,,,,,,,,,,,,,
MIX(PT×キャバリア),レッド,メス,2026/08/01,,1144--4,,,,,,,,,,,,,,,,,
MIX(PT×キャバリア),レッド,メス,2026/08/01,,1144--5,,,,,,,,,,,,,,,,,
MIX(PT×キャバリア),レッド,メス,2026/08/01,,1144--6,,,,,,,,,,,,,,,,,
ゴールデンレトリバー,ゴールデン,オス,2026/08/01,JKC,1093--1,,,,,,,,,,,,,,,,,両親：DM、CL、vWD1クリア　父：魚鱗癬、骨形成不全症、PRAクリア
ゴールデンレトリバー,ゴールデン,メス,2026/08/01,JKC,1093--2,,,,,,,,,,,,,,,,,両親：DM、CL、vWD1クリア　父：魚鱗癬、骨形成不全症、PRAクリア
ポメラニアン,クリームセーブル,メス,2026/08/01,JKC,1093--3,,,,,,,,,,,,,,,,,両親：HUUクリア
サイベリアン,ブラウンタビー&ホワイト,オス,2026/07/28,PCC,1200--1,,,,,,,,,,,,,,,,,父：PRAクリア
サイベリアン,レッドタビー＆ホワイト,メス,2026/05/16,PCC,1200--2,,,,,,,,,,,,,,,,,両親：PK欠損症クリア　母：PKD、HCM（A31P型・R820W型）クリア
サイベリアン,シルバータビー＆ホワイト,メス,2026/05/26,PCC,1200--3,,,,,,,,,,,,,,,,,母：PKD、HCM（A31P型・R820W型）、PK欠損症クリア
ラガマフィン,クリーム＆ホワイト,メス,2026/06/15,PCC,1200--4,,,,,,,,,,,,,,,,,8/3 3種ワクチン済
マンチカン,ブラウンタビー&ホワイト,オス,2026/07/14,PCC,1200--5,,,,,,,,,,,,,,,,,
フォールデックス,レッドタビー＆ホワイト,オス,2026/05/27,PCC,1200--6,,,,,,,,,,,,,,,,,父：PKDクリア
フォールデックス,レッドタビー＆ホワイト,メス,2026/05/27,PCC,1200--7,,,,,,,,,,,,,,,,,父：PKDクリア
スコティッシュフォールド,シルバータビー,オス,2026/05/16,PCC,1200--8,,,,,,,,,,,,,,,,,
マルチーズ,ホワイト,オス,2026/08/02,JKC,1017--1,505,,,小,斜視小,,,,,,,,,,,,父：グリコーゲン蓄積症クリア
アメリカンカール,レッドタビー,オス,2026/07/31,CPRO,1074--1,,,,,,,,,,,,,,,,,父：PRAクリア
アメリカンカール,ブルーパッチドタビー＆ホワイト,メス,2026/07/31,CPRO,1074--2,,,,,,,,,,,,,,,,,父：PRAクリア
ノルウェージャンフォレストキャット,ブルータビー＆ホワイト,メス,2026/07/12,CPRO,1074--3,,,,,,,,,,,,,,,,,父：PK欠損症クリア
ノルウェージャンフォレストキャット,ブラウンタビー&ホワイト,オス,2026/07/12,CPRO,1074--4,,,,,,,,,,,,,,,,,父：PK欠損症クリア
ラグドール,ブルーポイントミテッド,メス,2026/07/15,CPRO,1074--5,,,,,,,,,,,,,,,,,両親：HCM（A31P型・R820W型）、PKD、PK欠損症クリア
ラグドール,ブルートーティポイントバイカラー,メス,2026/07/15,CPRO,1074--6,,,,,,,,,,,,,,,,,両親：HCM（A31P型・R820W型）、PKD、PK欠損症クリア
ミニチュアシュナウザー,ソルト＆ペッパー,メス,2026/07/24,JKC,1015--5,,,,,,,,,,,,,,,,,父：HUU、第7因子欠乏症、先天性筋強直症クリア
ビションフリーゼ,ホワイト,オス,2026/07/27,JKC,1129--1,1275,,,,斜視小,,,,,,,,,,,,
シーズー,ゴールド＆ホワイト,オス,2026/08/01,JKC,2001--1,,,,,,,,,,,,,,,,,
シーズー,ゴールド＆ホワイト,オス,2026/08/01,JKC,2001--2,,,,,,,,,,,,,,,,,
シーズー,ゴールド＆ホワイト,オス,2026/08/01,JKC,2001--3,,,,,,,,,,,,,,,,,
シーズー,ゴールド＆ホワイト,オス,2026/08/01,JKC,2001--4,,,,,,,,,,,,,,,,,
シーズー,ゴールド＆ホワイト,メス,2026/08/01,JKC,2001--5,,,,,,,,,,,,,,,,,
